{"seeds":{"world":0.6989806562471169,"biome":0.42213023143062367,"trees":0.9513995843699233},"cameraPosition":{"x":133.60572517526867,"y":55.5,"z":-59.24443959938458},"playerRotation":{"x":0.02485903115820546,"y":-0.6358523439967543,"z":0.0147648399264923},"editedBlocks":{"placed":[],"destroyed":[{"x":70,"y":0,"z":35,"placed":false,"blockType":"sand"},{"x":65,"y":0,"z":30,"placed":false,"blockType":"sand"}]}}